{"best_epoch": 10, "best_valid_loss": 0.027130381106153914, "best_threshold": 0.7500000000000002, "feat_dim": 768, "meta_dim": 4}